<!--============================================================
Title: UPnP AV MediaServer:4 Device Template

Purpose:
To identify the required and optional services
defined by this device type.

NOTE: This file uses tabs (not spaces) for block indentation.
Any updates to this file should maintain this convention.
This includes disabling any automatic tab-to-space conversion
feature enabled by your editor. 
============================================================-->
<device>
	<serviceList>
		<service>
			<serviceType>urn:schemas-upnp-org:service:ContentDirectory:4</serviceType>
			<serviceId>ContentDirectory</serviceId>
		</service>
		<service>
			<serviceType>urn:schemas-upnp-org:service:ConnectionManager:3</serviceType>
			<serviceId>ConnectionManager</serviceId>
		</service>
		<service>
			<Optional/>
			<serviceType>urn:schemas-upnp-org:service:AVTransport:3</serviceType>
			<serviceId>AVTransport</serviceId>
		</service>
		<service>
			<Optional/>
			<serviceType>urn:schemas-upnp-org:service:ScheduledRecording:2</serviceType>
			<serviceId>ScheduledRecording</serviceId>
		</service>
	</serviceList>
</device>
